id;first_name;last_name;email;phone_number;inscription
1;Sylvia;Hermiston;Dora93@yahoo.com;yellow;2021-12-07T14:36:55
2;Sophia;Dach;Tiffany87@yahoo.com;Harbor;2021-12-07T21:30:43
3;Delilah;Ledner;Nicholas12@yahoo.com;Crossroad Concrete;2021-12-08T07:17:20
4;Yolanda;Labadie;Aditya10@hotmail.com;bleeding-edge facilitate;2021-12-08T00:15:33
5;Urban;Kutch;Chase54@gmail.com;Awesome Frozen Ball;2021-12-07T11:54:56
6;Rhiannon;Cole;Lisandro.Blick@gmail.com;Lari Division transmitting;2021-12-07T21:56:39
7;Macie;Keeling;Skyla.Carter@hotmail.com;Automotive Tuna;2021-12-07T17:23:44
8;Casey;Torp;Kiara_Nolan@hotmail.com;Forint;2021-12-07T23:38:36
9;Catharine;Kertzmann;Casimir.Fahey97@gmail.com;User-centric;2021-12-08T07:25:04
10;Madaline;Hickle;Marisol_Kohler@hotmail.com;withdrawal monitor;2021-12-07T20:38:53
